{"cameraMode":{"drawMode":0,"name":"Shaded","section":"Shading Mode"},"sceneLighting":true,"audioPlay":false,"sceneViewState":{"showFog":true,"showMaterialUpdate":false,"showSkybox":true,"showFlares":true,"showImageEffects":true,"showParticleSystems":true,"showVisualEffectGraphs":true,"m_FxEnabled":false},"in2DMode":false,"pivot":{"x":387.2277526855469,"y":34.54859924316406,"z":511.94329833984377},"rotation":{"x":-0.038997016847133639,"y":-0.12259720265865326,"z":0.004838156048208475,"w":-0.9916847348213196},"size":9.969697952270508,"orthographic":false}