{"cameraMode":{"drawMode":0,"name":"Shaded","section":"Shading Mode"},"sceneLighting":true,"audioPlay":false,"sceneViewState":{"showFog":true,"showMaterialUpdate":false,"showSkybox":true,"showFlares":true,"showImageEffects":true,"showParticleSystems":true,"showVisualEffectGraphs":true,"m_FxEnabled":true},"in2DMode":false,"pivot":{"x":397.1092224121094,"y":33.13964080810547,"z":491.4625244140625},"rotation":{"x":0.004603283014148474,"y":0.9941404461860657,"z":-0.04625588282942772,"w":0.09787151217460633},"size":3.4931774139404299,"orthographic":true}