{"cameraMode":{"drawMode":0,"name":"Shaded","section":"Shading Mode"},"sceneLighting":true,"audioPlay":false,"sceneViewState":{"showFog":true,"showMaterialUpdate":false,"showSkybox":true,"showFlares":true,"showImageEffects":true,"showParticleSystems":true,"showVisualEffectGraphs":true,"m_FxEnabled":false},"in2DMode":false,"pivot":{"x":406.9410095214844,"y":44.78384017944336,"z":503.22552490234377},"rotation":{"x":0.0023864300455898048,"y":-0.9948768615722656,"z":0.0982108861207962,"w":0.02417697012424469},"size":14.987592697143555,"orthographic":true}