{"cameraMode":{"drawMode":0,"name":"Shaded","section":"Shading Mode"},"sceneLighting":true,"audioPlay":false,"sceneViewState":{"showFog":true,"showMaterialUpdate":false,"showSkybox":true,"showFlares":true,"showImageEffects":true,"showParticleSystems":true,"showVisualEffectGraphs":true,"m_FxEnabled":true},"in2DMode":false,"pivot":{"x":396.0054626464844,"y":32.233489990234378,"z":495.67962646484377},"rotation":{"x":0.005145776551216841,"y":0.9898404479026794,"z":-0.037136487662792209,"w":0.13716378808021546},"size":0.9741989970207214,"orthographic":false}