{"cameraMode":{"drawMode":0,"name":"Shaded","section":"Shading Mode"},"sceneLighting":false,"audioPlay":false,"sceneViewState":{"showFog":true,"showMaterialUpdate":false,"showSkybox":false,"showFlares":true,"showImageEffects":true,"showParticleSystems":true,"showVisualEffectGraphs":true,"m_FxEnabled":false},"in2DMode":false,"pivot":{"x":-0.0013190507888793946,"y":0.9379932880401611,"z":-0.0014650821685791016},"rotation":{"x":0.0001350034581264481,"y":0.9989848732948303,"z":-0.0029969138558954,"w":0.04498515650629997},"size":1.5741909742355347,"orthographic":true}